<?xml version="1.0" encoding="UTF-8" standalone="yes"?>
<addon id="repository.MiTv" name="Mi Tv Repository" version="1.0.2" provider-name="Mi Tv - Marce ">
	<extension point="xbmc.addon.repository" name="Mi Tv Repository">
		<info compressed="false">https://raw.githubusercontent.com/mitvcanal/mitv/master/addons.xml</info>
		<checksum>https://raw.githubusercontent.com/mitvcanal/mitv/master/addons.xml.md5</checksum>
		<datadir zip="true">https://raw.githubusercontent.com/mitvcanal/mitv/master/repo/</datadir>
	</extension>
	<extension point="xbmc.addon.metadata">
		<summary>Actualizaciones Kodi addons</summary>
		<description>Repositorio con todo lo necesario para instalar sin problemas los addons de Mi Tv</description>
		<disclaimer></disclaimer>
		<platform>all</platform>
	</extension>
</addon>
